mes y año,Importaciones totales
ene-93,766
feb-93,"1,115.00"
mar-93,660
abr-93,843
may-93,973
jun-93,"1,595.00"
jul-93,"1,202.00"
ago-93,"1,183.00"
sep-93,777
oct-93,763
nov-93,618
dic-93,"1,275.00"
ene-94,450
feb-94,"1,155.00"
mar-94,997
abr-94,"1,435.00"
may-94,"1,228.00"
jun-94,458
jul-94,446
ago-94,"1,038.00"
sep-94,333
oct-94,279
nov-94,"1,032.00"
dic-94,912
ene-95,951
feb-95,"1,001.00"
mar-95,833
abr-95,406
may-95,747
jun-95,483
jul-95,"1,021.00"
ago-95,416
sep-95,"1,131.00"
oct-95,438
nov-95,519
dic-95,"1,643.00"
ene-96,888
feb-96,750
mar-96,941
abr-96,332
may-96,833
jun-96,"1,219.00"
jul-96,870
ago-96,803
sep-96,563
oct-96,776
nov-96,"1,349.00"
dic-96,812
ene-97,744
feb-97,731
mar-97,"1,025.00"
abr-97,616
may-97,"1,536.00"
jun-97,"1,007.00"
jul-97,"1,264.00"
ago-97,865
sep-97,935
oct-97,"1,151.00"
nov-97,486
dic-97,"1,862.00"
ene-98,"1,364.00"
feb-98,"1,396.00"
mar-98,"1,592.00"
abr-98,"2,122.00"
may-98,818
jun-98,"1,458.00"
jul-98,"1,499.00"
ago-98,"1,137.00"
sep-98,"1,292.00"
oct-98,"1,652.00"
nov-98,"1,157.00"
dic-98,"2,326.00"
ene-99,385
feb-99,"1,338.00"
mar-99,"1,741.00"
abr-99,"1,006.00"
may-99,"1,466.00"
jun-99,"1,274.00"
jul-99,"1,108.00"
ago-99,"1,176.00"
sep-99,"1,780.00"
oct-99,694
nov-99,"1,249.00"
dic-99,"1,193.00"
ene-00,"1,037.00"
feb-00,"1,388.00"
mar-00,"1,769.00"
abr-00,"1,315.00"
may-00,"1,001.00"
jun-00,"1,502.00"
jul-00,"1,217.00"
ago-00,"2,298.00"
sep-00,"1,342.00"
oct-00,"1,419.00"
nov-00,"1,101.00"
dic-00,"1,243.00"
ene-01,"1,451.00"
feb-01,892
mar-01,"1,632.00"
abr-01,"1,356.00"
may-01,927
jun-01,"1,759.00"
jul-01,"1,571.00"
ago-01,"1,573.00"
sep-01,"1,123.00"
oct-01,"1,658.00"
nov-01,"1,014.00"
dic-01,675
ene-02,"2,007.00"
feb-02,672
mar-02,"1,545.00"
abr-02,"1,164.00"
may-02,"2,156.00"
jun-02,905
jul-02,936
ago-02,"1,624.00"
sep-02,"1,390.00"
oct-02,"1,139.00"
nov-02,"1,865.00"
dic-02,"1,912.00"
ene-03,802
feb-03,"2,366.00"
mar-03,694
abr-03,"1,323.00"
may-03,"1,880.00"
jun-03,785
jul-03,"1,387.00"
ago-03,"2,236.00"
sep-03,"1,047.00"
oct-03,"1,380.00"
nov-03,916
dic-03,"1,009.00"
ene-04,"2,031.00"
feb-04,710
mar-04,15
abr-04,"2,723.00"
may-04,"1,764.00"
jun-04,"1,020.00"
jul-04,"2,277.00"
ago-04,"1,281.00"
sep-04,"1,078.00"
oct-04,"1,933.00"
nov-04,"1,720.00"
dic-04,"1,690.00"
ene-05,"1,051.00"
feb-05,"1,276.00"
mar-05,"1,938.00"
abr-05,919
may-05,"2,054.00"
jun-05,"2,021.00"
jul-05,489
ago-05,"1,734.00"
sep-05,"2,333.00"
oct-05,"1,134.00"
nov-05,"1,535.00"
dic-05,"1,555.00"
ene-06,"1,492.00"
feb-06,"1,859.00"
mar-06,"1,990.00"
abr-06,899
may-06,"2,527.00"
jun-06,"1,016.00"
jul-06,770
ago-06,"3,573.00"
sep-06,"1,074.00"
oct-06,"1,591.00"
nov-06,"1,888.00"
dic-06,"1,157.00"
ene-07,"2,221.00"
feb-07,"2,197.00"
mar-07,"1,795.00"
abr-07,"2,448.00"
may-07,"1,122.00"
jun-07,"1,827.00"
jul-07,"2,005.00"
ago-07,"1,629.00"
sep-07,"1,702.00"
oct-07,"2,041.00"
nov-07,"1,554.00"
dic-07,"2,419.00"
ene-08,"2,202.00"
feb-08,"2,445.00"
mar-08,"2,388.00"
abr-08,"1,555.00"
may-08,"1,308.00"
jun-08,"2,322.00"
jul-08,"3,039.00"
ago-08,"1,024.00"
sep-08,"1,832.00"
oct-08,957
nov-08,"1,610.00"
dic-08,"1,566.00"
ene-09,"1,479.00"
feb-09,"1,738.00"
mar-09,"1,759.00"
abr-09,"1,552.00"
may-09,"2,335.00"
jun-09,954
jul-09,"1,088.00"
ago-09,"2,396.00"
sep-09,"2,012.00"
oct-09,"1,365.00"
nov-09,"1,422.00"
dic-09,"1,733.00"
ene-10,"1,816.00"
feb-10,"1,532.00"
mar-10,"1,523.00"
abr-10,"2,115.00"
may-10,"1,968.00"
jun-10,"1,161.00"
jul-10,"2,509.00"
ago-10,"1,478.00"
sep-10,"2,115.00"
oct-10,"1,598.00"
nov-10,"1,895.00"
dic-10,"3,426.00"
ene-11,"1,386.00"
feb-11,"2,107.00"
mar-11,"3,074.00"
abr-11,889
may-11,"2,318.00"
jun-11,"3,024.00"
jul-11,"1,966.00"
ago-11,"1,791.00"
sep-11,"2,350.00"
oct-11,"2,005.00"
nov-11,"2,980.00"
dic-11,936
ene-12,"2,411.00"
feb-12,"2,603.00"
mar-12,"1,826.00"
abr-12,"1,500.00"
may-12,"3,072.00"
jun-12,"1,614.00"
jul-12,"1,611.00"
ago-12,"1,979.00"
sep-12,"1,481.00"
oct-12,"2,978.00"
nov-12,972
dic-12,"1,252.00"
ene-13,"2,840.00"
feb-13,"1,054.00"
mar-13,"2,146.00"
abr-13,"2,677.00"
may-13,"2,231.00"
jun-13,"3,135.00"
jul-13,"1,756.00"
ago-13,"2,216.00"
sep-13,"2,501.00"
oct-13,"2,562.00"
nov-13,"1,442.00"
dic-13,"2,248.00"
ene-14,"2,971.00"
feb-14,"1,407.00"
mar-14,"2,770.00"
abr-14,"1,844.00"
may-14,"2,080.00"
jun-14,"2,715.00"
jul-14,"1,675.00"
ago-14,"3,526.00"
sep-14,"2,025.00"
oct-14,"1,635.00"
nov-14,"3,307.00"
dic-14,"1,077.00"
ene-15,"2,105.00"
feb-15,"2,742.00"
mar-15,"2,249.00"
abr-15,"2,164.00"
may-15,"3,083.00"
jun-15,796
jul-15,"4,140.00"
ago-15,"2,494.00"
sep-15,"1,205.00"
oct-15,"2,567.00"
nov-15,"1,967.00"
dic-15,"1,046.00"
ene-16,"2,994.00"
feb-16,"1,522.00"
mar-16,"2,698.00"
abr-16,"2,586.00"
may-16,"1,376.00"
jun-16,"2,808.00"
jul-16,"2,416.00"
ago-16,"3,504.00"
sep-16,"2,847.00"
oct-16,"2,314.00"
nov-16,"1,158.00"
dic-16,"2,796.00"
ene-17,"2,157.00"
feb-17,"2,649.00"
mar-17,"2,181.00"
abr-17,"1,981.00"
may-17,"2,591.00"
jun-17,"1,958.00"
jul-17,"1,888.00"
ago-17,"3,774.00"
sep-17,"1,069.00"
oct-17,"3,106.00"
nov-17,"1,860.00"
dic-17,"1,372.00"
ene-18,"3,412.00"
feb-18,"2,070.00"
mar-18,"1,509.00"
abr-18,"3,706.00"
may-18,"1,450.00"
jun-18,"2,025.00"
jul-18,"3,414.00"
ago-18,812
sep-18,"2,115.00"
oct-18,"2,155.00"
nov-18,"1,525.00"
dic-18,"1,267.00"
ene-19,"4,262.00"
feb-19,"1,302.00"
mar-19,"2,116.00"
abr-19,"2,305.00"
may-19,"1,103.00"
jun-19,"2,843.00"
jul-19,"1,587.00"
ago-19,"3,930.00"
sep-19,"2,093.00"
oct-19,"1,634.00"
nov-19,632
dic-19,"4,680.00"
ene-20,"1,761.00"
feb-20,"2,387.00"
mar-20,"1,839.00"
abr-20,"1,445.00"
may-20,"4,037.00"
jun-20,"2,258.00"
jul-20,"2,156.00"
ago-20,"2,757.00"
sep-20,"2,176.00"
oct-20,"1,224.00"
nov-20,"3,148.00"
dic-20,"3,293.00"
ene-21,"2,895.00"
feb-21,"1,684.00"
mar-21,"2,885.00"
abr-21,"2,746.00"
may-21,"1,666.00"
jun-21,"3,787.00"
jul-21,"3,614.00"
ago-21,"2,473.00"
sep-21,"2,664.00"
oct-21,"3,081.00"
nov-21,"1,107.00"
dic-21,"3,756.00"
ene-22,"2,223.00"
feb-22,"2,166.00"
mar-22,"3,308.00"
abr-22,"2,076.00"
may-22,"2,543.00"
jun-22,"3,651.00"
jul-22,"2,545.00"
ago-22,"2,996.00"
sep-22,"3,033.00"
oct-22,"2,168.00"
nov-22,"3,473.00"
dic-22,"2,314.00"
ene-23,"3,141.00"
feb-23,"4,770.00"
mar-23,"3,343.00"
abr-23,"4,501.00"
may-23,"3,452.00"
jun-23,"2,901.00"
jul-23,"3,289.00"
ago-23,"4,929.00"
sep-23,"2,096.00"
oct-23,"3,137.00"
nov-23,"3,482.00"
dic-23,"2,935.00"
ene-24,"5,564.00"
feb-24,"2,167.00"
mar-24,"4,130.00"
abr-24,"3,425.00"
may-24,"2,331.00"
jun-24,"5,735.00"
jul-24,"4,942.00"
ago-24,"3,176.00"
sep-24,"3,875.00"
oct-24,"2,544.00"
nov-24,"4,052.00"
dic-24,"1,773.00"
ene-25,"5,909.00"
feb-25,"4,528.00"
mar-25,"2,590.00"
abr-25,"2,372.00"
may-25,"4,956.00"
jun-25,"4,348.00"
jul-25,"4,180.00"
ago-25,"3,297.00"
sep-25,"6,036.00"
oct-25,"4,285.00"
nov-25,"2,594.00"
dic-25,"6,091.00"
